<?xml version="1.0" encoding="UTF-8"?>
<project-private xmlns="http://www.netbeans.org/ns/project-private/1">
    <editor-bookmarks xmlns="http://www.netbeans.org/ns/editor-bookmarks/2" lastBookmarkId="0"/>
    <open-files xmlns="http://www.netbeans.org/ns/projectui-open-files/2">
        <group>
            <file>file:/C:/Users/Liuga/Documents/Università/magistrale/primo%20anno/distribuited%20algorithms/project/distalgoproject/ProjCyclon/src/projcyclon/ProjCyclon.java</file>
            <file>file:/C:/Users/Liuga/Documents/Università/magistrale/primo%20anno/distribuited%20algorithms/project/distalgoproject/ProjCyclon/src/projcyclon/MyActor.java</file>
            <file>file:/C:/Users/Liuga/Documents/Università/magistrale/primo%20anno/distribuited%20algorithms/project/distalgoproject/ProjCyclon/src/projcyclon/Peer.java</file>
            <file>file:/C:/Users/Liuga/Documents/Università/magistrale/primo%20anno/distribuited%20algorithms/project/distalgoproject/ProjCyclon/src/projcyclon/Message.java</file>
            <file>file:/C:/Users/Liuga/Documents/Università/magistrale/primo%20anno/distribuited%20algorithms/project/distalgoproject/ProjCyclon/src/monitoringutils/ThreadMonitor.java</file>
        </group>
    </open-files>
</project-private>
